0.61960436017344,0.4166452958135504,0.5520091197479349,0.4884099226091012,0.48509056085576546,1
0.5750938303016155,0.585276177471814,0.5288325511603148,0.4258909045016645,0.3768198742989622,1
0.5125670609101212,0.42012086277798566,0.4877931429906351,0.5226039574196378,0.5577332633745897,1
0.4360593814612094,0.4803541668045732,0.5431526232145131,0.6523153408706539,0.48635974724822967,1
0.5843215248394436,0.6252108566174164,0.45001083514747964,0.4969689054617331,0.5889256392667472,1
0.48341923827124267,0.45188731212442246,0.4108366997886478,0.4475305289836441,0.5432532821808468,1
0.6049859944208256,0.5671942206319606,0.5339142769383218,0.5301298467941642,0.568677224145179,1
0.4678554186496454,0.5051170099735478,0.5628003490103672,0.4774818206483629,0.46303858198265924,1
0.5462444365148589,0.6122764102094838,0.5045725689874806,0.5052354164340659,0.5445137810297567,1
0.496491836096,0.5147849386653085,0.4848529242866148,0.4704597070039854,0.5768203792547012,1
0.5683495805680571,0.487119097581348,0.5021081552526547,0.5470567738298959,0.4640678797214682,1
0.4573614013467747,0.42120746750136645,0.5354737668244399,0.428448601113635,0.536015140516722,1
0.5551660719786164,0.4268941836495873,0.5515356244294026,0.5990117567416802,0.48982064999284114,1
0.5537270623953815,0.5045621353250012,0.6157555618376597,0.5497481352450825,0.47214044263894606,1
0.42480578269555536,0.5093443307448623,0.5426056340732501,0.5006374023880811,0.41810902949514606,1
0.3586013865315682,0.5428532149717074,0.4678210598445232,0.47077772916835464,0.4560501821233998,1
0.5298248214806509,0.468541904378694,0.44428015996247416,0.48373126723135157,0.5931683254852307,1
0.5383589019807911,0.5871689751519746,0.4804546794229295,0.38614568361294177,0.43301831875988306,1
0.45000559154643216,0.5240398812864685,0.5341773467404413,0.37778556463571283,0.5534815361700254,1
0.5204543347311663,0.5463323627563238,0.5027891273203047,0.4210131230196087,0.4560678368750638,1
0.6282474135454329,0.5205606361505927,0.4887993421821121,0.5857586505271996,0.3824846258569006,1
0.563313842543486,0.46419641415808044,0.5785413300033977,0.5182850946481716,0.520993054848539,1
0.5793791435357347,0.5235665708138894,0.5123278103551633,0.515120663533022,0.4427274123815859,1
0.5354597736145912,0.5027324049294216,0.5180228485084523,0.471931683560994,0.40448015720279384,1
0.6042677621257472,0.5918378559560566,0.5808799397772428,0.5135757019568141,0.5330379911582781,1
0.4658979091812049,0.5453436387901633,0.5348732946820283,0.4976906298704914,0.4303428029343777,1
0.4604598769689309,0.40178047307342535,0.5024153144579325,0.5726304534050246,0.4816891675208342,1
0.3939134506839558,0.6188405861618027,0.5073105542616252,0.5102471142993087,0.5052744649292512,1
0.5562821154505844,0.5626226811606684,0.5260420466942544,0.5100669906224838,0.5132816322739868,1
0.4532160441949522,0.47828872947848905,0.5805387067170843,0.5797031267214175,0.5538303314462807,1
0.46959688405178796,0.575286259267871,0.4681468459337888,0.5214616472457668,0.49047762969146297,1
0.49411965852047984,0.6484907075904711,0.4655075908073906,0.40775485150154456,0.5169243476061747,1
0.44197583391518924,0.6611544844151656,0.49959101634324315,0.4247974061696568,0.5166831385699273,1
0.3861268083965439,0.49676779620922235,0.4962504584991745,0.534338552974727,0.4166995752420569,1
0.6072863598384459,0.49824333609368154,0.4980897312400626,0.5130770844297075,0.5570706393289502,1
0.5739991511766267,0.5052818947214944,0.5129487282758316,0.6092183382382258,0.5244981459408214,1
0.5410385878901329,0.5138701161546151,0.5499042694414993,0.5250739165196027,0.4701843856233355,1
0.44156124292258514,0.41674744239510964,0.5350310466270486,0.5669684296561288,0.4366217147434166,1
0.5556335199190402,0.4368541944679143,0.2931923870705225,0.5568153422745769,0.5832066127996703,1
0.41969599397004975,0.5176678969436006,0.6025549965025241,0.5739819198030064,0.4076170065385586,1
0.5772937061053852,0.4747034518513969,0.5407127820217746,0.37815289561942633,0.4871211166515038,1
0.4731721894942381,0.43517389921730254,0.5350077812453183,0.3346049695359654,0.5281836525757679,1
0.448392574688863,0.589327325008318,0.5863342133481226,0.42806636606600235,0.36517066237924134,1
0.5269807006850072,0.468503305554856,0.5572798853051526,0.4841097479534839,0.6097358765454433,1
0.39591598604045136,0.4071896183279298,0.5142412889575956,0.4960592579048332,0.5985892743423625,1
0.47777628677483036,0.461214561489916,0.5761901528935629,0.5450101721811949,0.5562908660761674,1
0.4920605061505278,0.49398023267089,0.39024865757240307,0.47890613459798764,0.44027653148665724,1
0.4723065398251357,0.39548104252472593,0.484779750165923,0.48993171528958673,0.540053173599665,1
0.5663959383418495,0.4385693728861408,0.5686923399401823,0.5983225013427169,0.5517720872918284,1
0.43266741864285013,0.3261765573475751,0.43881489114056504,0.5259954743307007,0.45248626827966454,1
0.41307141454826357,0.49831056075633867,0.595240028339277,0.4458079337296372,0.49464267842778636,1
0.4495181041766877,0.5427213344965843,0.5379495778703557,0.5826717696006405,0.5309663177531485,1
0.4856731151788254,0.5209239549083212,0.480464076306497,0.5560458124068709,0.5928874464045891,1
0.4681951372197302,0.5785299759981084,0.49075838020940865,0.5656046312781615,0.4387204462338954,1
0.5924998713658945,0.5439557611370539,0.5227045052413921,0.4358742479173743,0.5062362072025913,1
0.5084030182973519,0.5171153660113204,0.4720984032221581,0.4897459462278666,0.5015979575586298,1
0.46159543344511633,0.537836090712139,0.5051561570474437,0.42337036973183273,0.5486850839945564,1
0.32312849154984846,0.47315388131065306,0.4638785472605749,0.5698073821687255,0.552856145441422,1
0.5599580569228987,0.48525097983952153,0.4354250463310348,0.49440666670983746,0.4514314571841553,1
0.5719755815425693,0.5404812695950488,0.44176988275441564,0.5098481533154503,0.48300724458384603,1
0.5269320849192097,0.5702143529493531,0.5179368803697985,0.47150330215780084,0.42112163368140576,1
0.47241196574074035,0.5894285915482274,0.5403602801337435,0.5282212936324684,0.45497587164977654,1
0.45813100019307346,0.42354473970182926,0.4155720951557571,0.41017394338956537,0.4927149288581122,1
0.5144082391027314,0.5010166373927655,0.4152991632644008,0.4881071688295515,0.4020721526555253,1
0.5009272805548671,0.5488479809840662,0.5750248882274813,0.5147988031991338,0.4372704019583291,1
0.48510162965822157,0.5981881659465634,0.554018934697925,0.514597125175741,0.42478614943653653,1
0.44673922818384115,0.5295077777586392,0.5097435350360205,0.5105186765803846,0.5144137828357428,1
0.6794429320405206,0.5589047404979212,0.5195490379343314,0.54903804805831,0.659949071431369,1
0.5911245306109802,0.6361663227897826,0.5261394508465614,0.4300199689590595,0.611929944327113,1
0.5296063953534155,0.560272576651704,0.4402222877771948,0.5331633224220411,0.44066696474554473,1
0.44667527634891696,0.5247343553723166,0.5590073031838056,0.49217873128386364,0.5111014534133712,1
0.473042473362711,0.6125473493195017,0.44623776768034,0.517934314136597,0.5447551890649581,1
0.4778949869823588,0.4725526484054187,0.4296386423326478,0.5541810661243769,0.4369350721776763,1
0.5347278872879251,0.49343273024720696,0.4330901382409169,0.5015154831908585,0.43228767592351686,1
0.4681219310551338,0.6008093635731664,0.5451901166812404,0.5121838808719996,0.5058672839530873,1
0.533807328666793,0.5174750146345348,0.394233368839889,0.4458673737813854,0.537216956990168,1
0.5967054047127092,0.47039737124598985,0.5768995965882461,0.49122846751347715,0.44087753178538325,1
0.5572133444939303,0.6247193504573092,0.5095829624127054,0.523151129438343,0.493181780402468,1
0.46375551191897774,0.5392580741228259,0.43058630155962996,0.5670954719680092,0.4933293218969606,1
0.41053554880497817,0.4143158619197872,0.49009696026885846,0.503443779324567,0.49666229683070856,1
0.543823307490484,0.5488387186346932,0.5997202921196638,0.5840419325062293,0.5427316209307372,1
0.5748953552182089,0.5992348071817719,0.43269817679308886,0.42311812819704386,0.4460773254002691,1
0.5537823475025253,0.38537127974404095,0.5219511918313712,0.4753346025425244,0.5621222809624248,1
0.5598737305762053,0.49985883255691144,0.4453923347900304,0.4631904279536561,0.5236143680539946,1
0.6000052774235386,0.44405095072222817,0.4454033050888561,0.5118115420282711,0.555451704861408,1
0.5355675581965968,0.5340540310558897,0.515898875453898,0.40476915522326085,0.46175068354386667,1
0.37941057805092526,0.6424923768035229,0.5339147377569164,0.5103077390156096,0.4289036811499218,1
0.4218899119417394,0.5835080554387347,0.4258257574415679,0.543363649438786,0.6320118896573528,1
0.4596931424581014,0.5765684638891598,0.5827598053314553,0.40761562057434886,0.5415947102988476,1
0.40315271402833885,0.5492317958361241,0.5077251278489548,0.5335577865033603,0.5732421064084178,1
0.4789451724612707,0.5280515336719274,0.4657800606682812,0.4554871569548738,0.4717610517948417,1
0.4928749884117636,0.565138671421981,0.550336231450136,0.5086716640527394,0.4762198172549206,1
0.5508419903732578,0.47402293267992623,0.5822041368708077,0.5222940573689863,0.5771351880123793,1
0.5290341725409402,0.6106467933611354,0.5074751089895986,0.49781591327615293,0.513985249435173,1
0.5212144539008595,0.5177238758524475,0.5305228654369445,0.5242238933160818,0.4965145239485844,1
0.40429884237962777,0.4295856965150896,0.5403174581604668,0.4939448131524413,0.5138104551239174,1
0.6174010226547147,0.4596070342953696,0.4987594661157146,0.35641716519661254,0.5676045901560746,1
0.5426958380560983,0.5016075274247233,0.38147748462327674,0.6135492491435044,0.5532993840798254,1
0.49765685952749983,0.4301913342876007,0.4191966810306405,0.5001284597097968,0.4651684777497856,1
0.4730002938814584,0.5763811053523568,0.42972369839649827,0.48915235255407724,0.49830349960154274,1
0.40071852437207256,0.5715412586039351,0.47396487448206925,0.4659195768487472,0.5090318334643454,1
0.546282095059187,0.47864731142793626,0.5726554785955594,0.5418181183611903,0.5171328229903881,1
0.5332449932441463,0.624439965167543,0.5166846584737255,0.33759564059624725,0.5910436042893197,1
0.44352739278639375,0.5337735289397805,0.5736089034508993,0.4678933959702466,0.4550997781257139,1
0.5093859206681631,0.5185644841608718,0.5886226672248204,0.4802181724871708,0.432789905024244,1
0.5124956716310028,0.60004199552554,0.3432050145614226,0.6376485735689803,0.48412173461494235,1
0.41384739962455286,0.5388107240007253,0.4171784904598279,0.5970666191787837,0.4872949366596438,1
0.4359879023424995,0.5476967665578976,0.4686668014642569,0.5198339059295762,0.3459315176025395,1
0.5578239594105224,0.5749773433330183,0.37283964488571775,0.4870517783160446,0.5219080130152692,1
0.5741064335962538,0.5230495802260297,0.489219646171898,0.5568774799416802,0.38996148816683174,1
0.5376784674482787,0.5300226260434587,0.4349719413559572,0.5505371614885001,0.5321392573650089,1
0.4730540955695512,0.466371888040555,0.43749069691275855,0.49845436637720947,0.5274221073416672,1
0.6272036827108517,0.4662998969938363,0.48791678612604883,0.5084121477156299,0.5124716183502065,1
0.4943163240990637,0.5221998331444557,0.5930497883835054,0.6398917290001314,0.5153299940269164,1
0.45239500089265205,0.5672995743407903,0.446945297284934,0.6340199172684888,0.40645951636582944,1
0.4440035788711048,0.424963783772984,0.623970460953011,0.4783439862267286,0.4310284049533717,1
0.45915684642006693,0.46853135156707804,0.6469206475799992,0.5252559720785709,0.4900351880046763,1
0.5235286082285201,0.5109032689337487,0.5158457316084591,0.5290831268179814,0.5015443774229282,1
0.6006425646450954,0.5484426093587869,0.43602183594264593,0.6078543101756928,0.541339481228872,1
0.5465210607737854,0.5705366421195486,0.40345018329801396,0.5557204952156698,0.4433309843253471,1
0.4598568173535424,0.5669502182485525,0.48141703966175475,0.498130247396086,0.5848156396862622,1
0.4791405284694201,0.45972311547406575,0.6002452593354242,0.5569385221339627,0.43222478071607284,1
0.5244344922193416,0.3823394039372491,0.5798782375610229,0.5794528143507802,0.511436151194929,1
0.5837825649231542,0.48289153931177686,0.43014844768726135,0.603850901914913,0.5716784868924533,1
0.5009007189987947,0.4356356179849499,0.40806659677536705,0.4649619979172349,0.5073979652935366,1
0.6157596689665035,0.49959521090425935,0.5935719897595957,0.4795438390343839,0.5705199386717591,1
0.4669814131193033,0.5214007275845027,0.4354127892998555,0.48147733680961474,0.513672697537946,1
0.5007985884382403,0.39741835869913983,0.46089266481110763,0.5280628777659733,0.4830316466469173,1
0.5554073185271621,0.7434377785766297,0.4275131936900909,0.6067052382048613,0.4547449313966798,1
0.5357707161171096,0.4846244520691647,0.5749023480459973,0.37712506316366295,0.5109493833504977,1
0.5830098070840649,0.49053128082787195,0.5228615225780993,0.4925051570387743,0.5103294739872782,1
0.39919282571952375,0.5884857917508344,0.44061262243549765,0.48059606213355743,0.4697810015601054,1
0.4788561475283971,0.6284118739125689,0.5059954769907082,0.4743263803056826,0.4442241934064221,1
0.6537022333419784,0.41595413092597583,0.37129339301379716,0.4427365031393973,0.4004694195886266,1
0.5924123599109221,0.5682375691240551,0.44849152436546186,0.5292933696608921,0.30322593816991206,1
0.5395640525458777,0.44922401718774574,0.5249861265603316,0.4010128306480836,0.5184872862680868,1
0.5072331872225994,0.5985516392605174,0.48411203847469725,0.4692820067556433,0.5039703083429352,1
0.6294508120184982,0.5882925865160551,0.5045805046576108,0.46575129417637035,0.4102805875360279,1
0.4353434060598318,0.5379458376590672,0.5012965835978004,0.40527918849532607,0.46958884442488597,1
0.41775996252300795,0.4651597358768597,0.6028130814176338,0.43845052609690605,0.48030786342447457,1
0.5214766820614941,0.49779281155810146,0.5178008946516977,0.5370653017839557,0.4392665717180521,1
0.4416449242045991,0.5062791051446834,0.3875448877372849,0.550405220461412,0.5217893775965393,1
0.4884436671968803,0.6390174337947583,0.5749341772744752,0.4819350521565714,0.43390708925475135,1
0.4732153574519761,0.4540985295828622,0.4469300261151613,0.5872029871888503,0.513662310321079,1
0.4827101019744418,0.5913845166500626,0.5830849134588456,0.4831628366428454,0.4960666999742502,1
0.4816093917878308,0.38752329499176663,0.49750444887274914,0.5020595070319174,0.43293720338827246,1
0.5145035052610033,0.4980428531936343,0.41759847375464654,0.4773052206843119,0.5090599070381769,1
0.5713838650587516,0.5428951836564899,0.5321858408408657,0.44342982913843204,0.5595826797352321,1
0.6374058679133481,0.4922279920714369,0.4501939537168639,0.4746344270797031,0.40971702057478043,1
0.5005597191265627,0.5306960894557247,0.43556919948656714,0.5630229358085315,0.38674294901313605,1
0.4641535354492041,0.5965636003646014,0.5603240210521575,0.5535048482904132,0.5821697671184557,1
0.4229101323825252,0.4399994457558248,0.4007067482766659,0.41628996332644475,0.44844956824558213,1
0.4658918925873053,0.5483274642453027,0.5198398068660807,0.5174195800945296,0.5058940002588634,1
0.540786525815061,0.5091423604558263,0.5380937583475564,0.5938621016471552,0.49498909596536605,1
0.6739546529158573,0.5697263485464557,0.6567761122720008,0.5242239933989946,0.46083486631389653,1
0.6207114060403196,0.5351846477420585,0.5559858434598262,0.49674024898720154,0.5726361138476803,1
0.5016371532911402,0.5231197938593668,0.5297773812004879,0.5621364436768966,0.5135593135535712,1
0.5293737102026044,0.5181047904972895,0.4854441078338547,0.4656462952831868,0.4389334875917313,1
0.5633191636122409,0.5705048382804998,0.492126372171676,0.5060334213203413,0.5299755223413263,1
0.5178466872698779,0.5405717199965531,0.4874871812146441,0.4814893348387666,0.45208908550196286,1
0.5425403534816076,0.5662750135975274,0.49784408721181506,0.5059299943100983,0.5325077072816916,1
0.4543579745718176,0.6629552090204907,0.4803371188723352,0.4879477956722609,0.6028603934468749,1
0.6041580288085517,0.5485227631310035,0.4662202490810524,0.5182728719949053,0.47660394144137264,1
0.5426802976011474,0.5919772331336827,0.4450585724597431,0.5129901190470643,0.52113045856503,1
0.6831991936146095,0.5224080244113124,0.5379007853590421,0.5287918278360337,0.4380536030830545,1
0.5620064206916072,0.4134955870022757,0.5275248263912106,0.48151620118312954,0.4692431059469626,1
0.539626469874314,0.4348516851051196,0.5729375811625209,0.5169368801562502,0.4704755287384542,1
0.44486117952990056,0.5810665345658366,0.5339628039315423,0.6075381667992424,0.46144466211348,1
0.5259450759380423,0.46989795868485507,0.4712947796718279,0.5022577733402012,0.5117329905722752,1
0.5327159636368137,0.4004008930750228,0.4790358913426316,0.5042397838965642,0.5543028765061955,1
0.49575800196305364,0.5276295556816148,0.34511038009103107,0.5303991966139924,0.5406678926045754,1
0.5837957018415556,0.514190060671957,0.4480000737204675,0.49837423290746635,0.5380458537492229,1
0.5471968930993126,0.5329374446646938,0.45835611754127353,0.5825791673462368,0.3968600478422888,1
0.5478783878746897,0.3882124518102367,0.4285598469705963,0.44130501737047967,0.5187395501526373,1
0.4109821398481155,0.40345508915547923,0.4234939082533824,0.5772970673349941,0.45235831316148634,1
0.542704845233125,0.5095663176102037,0.509230009022463,0.49794754206669384,0.6753230686487725,1
0.45307440932243565,0.4354482900305947,0.42188794802443985,0.5575085520905841,0.4918213590733413,1
0.517997463668025,0.4673635275756494,0.5443377447906124,0.4543638164797538,0.5033276676062043,1
0.45774591656752983,0.5404723295392857,0.45590191460280177,0.5148428599932644,0.43285037037475255,1
0.47912190385247005,0.6151243621122754,0.35613963315745845,0.5240229327631707,0.5461925191177129,1
0.5035805155484505,0.5513279649329199,0.4832770033096166,0.5250316283902019,0.4999655666108104,1
0.49997400668259934,0.5452499390131403,0.5431036465554762,0.6851253081910491,0.4575551739650225,1
0.626810677351375,0.5045472350788051,0.5643507078573319,0.472866080194132,0.42946795841107843,1
0.48153928509118404,0.4983219447889618,0.5373776640698309,0.45503144693844605,0.4803429019079498,1
0.45290602801637714,0.5360511655278832,0.5102445757142521,0.43256460501722066,0.46937310077961436,1
0.4613913173149955,0.5037547874889869,0.5394993073332239,0.5119554395852883,0.5486955404333475,1
0.45516329351396523,0.5540424619612961,0.6354726553902802,0.590335031619482,0.5773714038231866,1
0.4480597548414994,0.47312607435352333,0.46887365688470195,0.5413080090723197,0.4910293509458733,1
0.5338639675052033,0.6062284888344553,0.5375680057764489,0.5432815205583514,0.5370750727137747,1
0.4912478252463246,0.4425561589578715,0.4757481904402925,0.4466450038199813,0.5376843750575844,1
0.4853488804607715,0.382196183001168,0.5826369129177761,0.5140103594655825,0.24812970279883975,1
0.4382903612440538,0.5863254466748784,0.3485976389231564,0.6048343898231321,0.5293073946040051,1
0.43142796222862867,0.49813645673003,0.5916518872193143,0.44103716946900723,0.5364178217661186,1
0.5674570324121251,0.5366551371195462,0.5702819717801125,0.5669211336964204,0.5741520268511997,1
0.5323187591839375,0.600003490394366,0.3437380678324174,0.5489994648040555,0.48709495764172783,1
0.5471932431010124,0.48055111741781603,0.5721545173377591,0.5029389015848731,0.46663980441002323,1
0.4608195762484529,0.5328157659233157,0.5136756350127869,0.3586808707927247,0.5034491425840392,1
0.4564523891918751,0.468678712180038,0.5158453871999702,0.37278755424223875,0.5412946178665228,1
0.36739828650024603,0.43218136117430506,0.5600735493708955,0.593421602142712,0.4382069863673134,1
0.4970499172122523,0.5167283171483593,0.4978801315339065,0.38609236228471866,0.5274087670415584,1
0.49725733317822174,0.4278352772369054,0.512446974936578,0.687601438096793,0.5290276416451276,1
0.5745101792969526,0.6234187275923537,0.5638492848078803,0.5471775041591322,0.50100723088711,1
0.5449721260969601,0.4658670302651831,0.4582813977491421,0.6135188279863109,0.613586174224182,1
0.5276223207226204,0.39114477308103945,0.5067972840358682,0.4949271094056596,0.34878754414550517,1
0.39927924424551375,0.6265846033062759,0.5146377476133923,0.5110229513553601,0.5430383761789523,1
0.42755061957139334,0.5705366656701464,0.5257801568526607,0.5420274188651458,0.5635695467188727,1
0.573803463905254,0.477013686435744,0.5665627122366665,0.5107380366050256,0.53087752987917,1
0.4480271684753417,0.5293163630518122,0.4965218311551666,0.4794741491574046,0.4439182157142326,1
0.3845791535458315,0.5811522935816271,0.43917577453872647,0.5689848670018465,0.397397855587928,1
0.5172158639348957,0.5774695898475859,0.5955303724806746,0.43189475887573864,0.5776768348455865,1
0.5138504701643257,0.6202445853817299,0.4093643450893376,0.5155308387170292,0.4643977147627743,1
0.5061863711853298,0.43738458511468836,0.4755646892589333,0.46028402208219493,0.5680995231032537,1
0.5151675435298803,0.45429068208186163,0.5517972133794055,0.6101602941620408,0.6191747687595801,1
0.5166056396014067,0.5953023859925353,0.4817158729152285,0.5169400955446003,0.5137297996531152,1
0.520845492879329,0.5477758963406605,0.5283213677292246,0.6184562948719841,0.5907080317174196,1
0.3572262711952172,0.5573959160119781,0.5362209768305987,0.4519409535344387,0.4935343211293662,1
0.4435894814052474,0.5056560014176312,0.4658989724230115,0.5080082367184686,0.49363907950354463,1
0.5078294659983263,0.5568243076891793,0.43635254220554165,0.5380342561496984,0.5378462847668294,1
0.5081533115081303,0.4626675735570636,0.5857565099730296,0.5174760231861684,0.4816586172252829,1
0.515041308282901,0.5840226694164912,0.5933330121421878,0.6475357975878437,0.4103669235438691,1
0.5231800419718922,0.572144702580319,0.3355746022384434,0.5608003294894416,0.5387644554705482,1
0.5598767429609512,0.556536449740984,0.501388971059846,0.5240039875103567,0.5636426224942661,1
0.547416341961623,0.5572218377210748,0.48399725933948284,0.3654897319806709,0.43261602913810804,1
0.4953982873172149,0.4204267299567628,0.5156741183645847,0.5493881248675372,0.36752409372187855,1
0.5157601855902658,0.5149007171432091,0.5273939931909388,0.5262700943576333,0.47706083716613595,1
0.4770258232827277,0.4182966726915275,0.6760027932791725,0.46690919835813405,0.48803026399481586,1
0.3496854658008274,0.5958019408846236,0.5563575663792104,0.45828073116526447,0.48572036897765297,1
0.4645741516748044,0.5013790238677593,0.4347720695574897,0.5340813429887211,0.5065057241717016,1
0.4952623199717192,0.5471333281380322,0.4688355575463837,0.5810957435512135,0.4521653615072899,1
0.6004836172268164,0.532980082303422,0.5325827663248788,0.5365574998215569,0.5178125361105717,1
0.4630221756325559,0.49299799928471555,0.5421254534601183,0.4804903987049956,0.5515617250443619,1
0.586491449514674,0.5798577096266828,0.43400592162510593,0.5742696911316664,0.48299779457704967,1
0.5282471970210312,0.5659119144930583,0.5393647435860203,0.6572751991170607,0.5221637209171686,1
0.4803754180886302,0.5486018639135137,0.4625442601167228,0.5515076046280131,0.428359270713687,1
0.503050757828495,0.531656486969612,0.5328711727039548,0.496129497558211,0.5310123871859128,1
0.508789583368216,0.5179223862616144,0.42859239428532364,0.5476798604049622,0.4214776417482954,1
0.462219968601576,0.4988108488451933,0.4831263556049655,0.43039421454481436,0.44227561364247125,1
0.49754314717156034,0.493637908388136,0.5779988118918984,0.4694996874698596,0.4306381754961449,1
0.49666963841250633,0.5582106755703145,0.35492711484818296,0.5099564943294432,0.5193877552699312,1
0.360054191684853,0.5065533718883066,0.5239182438758613,0.4776076624726349,0.6345303338512382,1
0.4595030404901068,0.49573596186264135,0.4630546405257559,0.4114650177075753,0.4442745864790252,1
0.5354380897196145,0.46709533922454877,0.33575190532342714,0.5388956390137623,0.5111484131123107,1
0.49852282547930427,0.5280272873664487,0.5531079081006205,0.5409711127043899,0.5370335795270528,1
0.40929999849679194,0.5926906394063414,0.5333403926657828,0.5235018153967941,0.5054367196536049,1
0.47867029188089116,0.4403941106817134,0.6251493192143294,0.589621494723595,0.4780179665065367,1
0.4976953794256494,0.3788720764636783,0.4677764730486108,0.5589686891338969,0.4656665964906323,1
0.5127812131182798,0.5955563587329098,0.5455301321785836,0.5413940362317745,0.4092126830667514,1
0.5437393852312344,0.47707197465307305,0.4911025563006963,0.5057932057725119,0.45683825716130694,1
0.5841705400951891,0.6223872951842315,0.5650217489092835,0.5898915024263822,0.5349988724786516,1
0.45535925412345857,0.46332954644580854,0.4995293532503772,0.5923750640731072,0.5425476171673721,1
0.44506114258065554,0.6117167451847597,0.5864494371407197,0.5936370175298136,0.4751563416277479,1
0.4848238014358443,0.43897510187087924,0.5240153358551906,0.4595491517680517,0.49440857741327815,1
0.5451553628773842,0.5562564556543002,0.5926679456308559,0.6225862492579728,0.7010633962710631,1
0.461094221711253,0.5414678254889236,0.486622383269648,0.4859758407287922,0.4634419476964458,1
0.4970527222807262,0.4847282808574994,0.426154849492442,0.672042479450049,0.4174790653284789,1
0.4263948523797233,0.6044697216268362,0.5519743992889594,0.6152182864939265,0.5780747300334048,1
0.3913763992114987,0.5210636035137246,0.5053223662925088,0.46564001891394247,0.44541361468895974,1
0.45125946707753406,0.5284930482060837,0.5159923369068035,0.40802996323802154,0.3959122722407245,1
0.6275442845833654,0.5368520086814561,0.44341404472225987,0.4957289870923713,0.5249774254000887,1
0.389434219365388,0.4822176845395568,0.3780507107118347,0.4764468460310991,0.5827530340457495,1
0.5487517571540182,0.5763741032424253,0.5255592738989426,0.5492042970218282,0.5661546085666338,1
0.5278160240331119,0.5039947568769579,0.41098292899586075,0.49999471005115786,0.5119370180160079,1
0.6019737513947658,0.5963271350102198,0.5511158685824187,0.45495869650435566,0.42779020359704234,1
0.6048295975983524,0.535489282405838,0.3551092233065575,0.5667153151539825,0.4402982816142658,1
0.46344568675760306,0.6084498996970448,0.5695466286469055,0.4732174291967678,0.4518102899643178,1
0.42365181466720503,0.6278415848708605,0.4282190498867994,0.5128855669473938,0.5251211125492155,1
0.3680733178755833,0.5745424383918117,0.4490091827309757,0.4537596808628828,0.4224133084974885,1
0.5393746832970662,0.4675203567517912,0.4825277881460606,0.561909802979557,0.48781707465570356,1
0.49881461274914285,0.48897235491014357,0.6682265748368708,0.4588714514249963,0.40728443751386656,1
0.3640067764942839,0.6514614313878263,0.5345831416392257,0.45794148171569893,0.5810583505633704,1
0.5513655843835311,0.5541392991814043,0.5857581009886819,0.502263528191979,0.4857630669080869,1
0.5146990987378265,0.4175955582994606,0.6078485727605851,0.5223716340408928,0.6077012124194963,1
0.5715524099216178,0.41237635530551003,0.5126098553755435,0.506315868683436,0.5852593645734481,1
0.511784490957737,0.5470168057036586,0.508448528656391,0.5419595246763165,0.5106197741356872,1
0.5901197452824583,0.5182125658701334,0.5859571842168951,0.535010314689607,0.5144346072769892,1
0.5114423229197941,0.5331996083712985,0.361887993460247,0.4813299549198752,0.6852543467952535,1
0.4414244910248829,0.5245424777592426,0.46946184722296147,0.4752438654859125,0.4852081306769848,1
0.49503584229492276,0.6222764649529233,0.49522613281372435,0.5874043419352581,0.5065082686376207,1
0.5580068621175664,0.48482260861175713,0.5785502582236753,0.4816277295139001,0.36968116974971466,1
0.7156901008608249,0.6196557152118379,0.5412408390982867,0.4684630298180857,0.4151206999661462,1
0.5185074689333692,0.53733723905807,0.5447641721121215,0.4746702212600096,0.45225976755207453,1
0.556323808533491,0.582905992343626,0.5307652484732088,0.5622779115157484,0.3937018093937593,1
0.5469326446397991,0.46982744954323646,0.5784821384629464,0.42746990405556917,0.6087084489502824,1
0.5214359012128308,0.5371117958992885,0.497023208946074,0.5132427619469107,0.42522233723521385,1
0.49971602069686083,0.5341874545307416,0.4827810683783024,0.48481788175395457,0.48928978945729107,1
0.48673655051874987,0.49705924615279035,0.5975787826743962,0.5305107294320545,0.45208920861559804,1
0.4064549042209257,0.44269122896794516,0.3427037310689961,0.4394532992817094,0.5697193696745058,1
0.5806216925732262,0.5527715525686243,0.48265184302227654,0.49426917947539406,0.4725100725398436,1
0.5735968311119839,0.4616800584434224,0.4745391087542719,0.5549960281376826,0.5433947498705418,1
0.3091489387273488,0.5048496962992935,0.369670054367489,0.5514879068744312,0.47881747864751,1
0.5076236898607679,0.524594700520893,0.4559034081234574,0.4871265157499472,0.5076584606665301,1
0.5563332405446014,0.5445742323336853,0.5227072727606494,0.5080227649538115,0.5969750767827338,1
0.3878379891324196,0.4888450703751637,0.5536992470995167,0.4876308206091855,0.505522204056823,1
0.5051606986228797,0.4685960716310248,0.6098806286278918,0.4689626772667295,0.4514739479054529,1
0.5179571282416923,0.5850978791783263,0.4304382907408908,0.4986299886968391,0.46582157629494914,1
0.5287860530648335,0.4365091287840477,0.5785400698478044,0.4061230196254548,0.5101115143996824,1
0.5249626499829838,0.5974706709367185,0.5369241961605142,0.6631263410124255,0.5442436459920137,1
0.6049894007812854,0.6458768180767175,0.5761130557967915,0.45332747591613465,0.46867115399175496,1
0.6869840928952367,0.46619658857507107,0.5555184591442809,0.5379827304612098,0.5358322852991044,1
0.5756850768040599,0.5087231875203927,0.4720737017767275,0.5521029459018748,0.4530471271456626,1
0.2898260813211339,0.25044328525915227,0.042993341325316015,0.13025084114025598,0.15924901705209055,2
0.19976030143678114,0.21302646807986653,0.025911199610537283,0.1626072896147806,0.20048060407289814,2
0.23531610732432368,0.08126405998941671,0.2045959374955481,0.2726222051988925,0.17030856606071765,2
0.19300345432374688,0.1565244244313605,0.1627911252051652,0.10765186840254626,0.19803158335482451,2
0.13548020719137538,0.1323689833516286,0.1735631217456457,0.19501686131826085,0.135506609729606,2
0.08161083392866753,0.21377931592294785,0.17630887985570298,0.21505358581295209,0.22307562195459996,2
0.10790784446985513,0.15873368947026167,0.1515937112837487,0.19172471706028682,0.18956717968313402,2
0.10118267176454965,0.20978039183559266,0.19108464039579925,0.23663963233615576,0.2383177337523424,2
0.21723316425450978,0.17835791693999192,0.2658947138662691,0.06754285144621452,0.19203408505594788,2
0.20983128100573867,0.28681671660712776,0.14547656639360412,0.2541270927685809,0.17880513092589717,2
0.2661842857945288,0.07085910123840711,0.19680883217640838,0.159259201816561,0.2415495034023365,2
0.13185675916653816,0.2822198583884019,0.12365726139795002,0.31477176560169895,0.1866950989077481,2
0.2633244807500228,0.16527601994560226,0.27652654522100667,0.15374795306797556,0.1897409428196591,2
0.21923832432801416,0.19371698084444816,0.060103907612687246,0.19313164084538564,0.08547897165778717,2
0.1356136489928782,0.18209070522275833,0.14912542588300465,0.2250463647428827,0.22688659846734544,2
0.10801891059950941,0.338560999405787,0.16358121643262774,0.13683814692258023,0.2723017300614671,2
0.18799925497995823,0.16617455727950575,0.19349487184562314,0.2790307129366493,0.0916107567975395,2
0.26438282308529437,0.2150194077483336,0.1745504331271897,0.21178054727448864,0.15044345526197778,2
0.16550734022140073,0.2567682268331492,0.17453435978114795,0.188037067806542,0.10843187265543952,2
0.33201304463545556,0.15686971814730072,0.1906384293748808,0.3111212792136213,0.08353290960274162,2
0.24398760748878762,0.2390142550104588,0.09872478984009364,0.1815274698458656,0.29589333458728145,2
0.19493341658182672,0.1525407384734231,0.16078991724621794,0.23327706199212472,0.14519517926917436,2
0.26202512805365863,0.274875805879667,0.11599601159767525,0.15294522992038095,0.2306713919694633,2
0.25722086256827426,0.1743759066832798,0.1805122645309093,0.10747238178289537,0.1702359153005369,2
0.21703427303895567,0.189047053984029,0.06100511036930073,0.21869835376108965,0.1285377862897727,2
0.1368522755192545,0.27941259543406205,0.13614313668493483,0.22148817584362251,0.1822449744139883,2
0.11790732578402074,0.2092378554639026,0.2247333461584109,0.06943754660540447,0.180420455351123,2
0.18349690428231408,0.2236813729221096,0.11302521282569472,0.27900594714650817,0.13814961092285688,2
0.12810444017934064,0.2683469902363719,0.10192657474941369,0.29563600010309143,0.19849662779629712,2
0.1942595916750824,0.28009252450883415,0.19927398845104943,0.18801616770496243,0.23067192473908937,2
0.2188951888793182,0.1181247199511069,0.31996897884059505,0.15725487269647842,0.16748119545710516,2
0.18901850355401095,0.08161097839835851,0.2200973234645014,0.0,0.19590771702324733,2
0.1578333581186513,0.30034503984884287,0.3381560672353061,0.1949091485403261,0.15143650355254884,2
0.21273007486954398,0.13513025134378603,0.32573554277604844,0.1141770006257734,0.12730149939778634,2
0.32726832329525535,0.3346313439095186,0.09567784263182044,0.24589518185728138,0.12384069234299344,2
0.1646363072800383,0.09540284259029613,0.08014537585902637,0.22209339487947644,0.19548074914208574,2
0.15660015810371408,0.2106248805835086,0.08457524365787006,0.2565405757188661,0.16608104896119463,2
0.16855640308818337,0.21720291628739513,0.183078501537005,0.16808559514247645,0.12959641691898394,2
0.1567034319003442,0.20025421938437127,0.16931631800445457,0.09235042497351897,0.14472849664123627,2
0.025052332941650268,0.2485906769835627,0.11352438399001225,0.1982557239770344,0.1825559201444401,2
0.11001764372184808,0.21225534568086019,0.2009000315603544,0.22506251291403306,0.08349050631131211,2
0.10837086829444831,0.20078401585199113,0.1597345535938301,0.27297966713841393,0.19919726873418864,2
0.2146406317153955,0.29358575737844217,0.1665425372456067,0.05240724248158862,0.20652712280652724,2
0.09285926878591855,0.2663077919274207,0.14536711896803262,0.18463156623103866,0.12539012460502835,2
0.17868533149816357,0.23617538831800328,0.19620030657732285,0.1075515169267815,0.19104658891578435,2
0.21572792644613448,0.20963027697856096,0.10372218603089911,0.13623703716517455,0.10276413836180504,2
0.041431884483218495,0.14091496558737732,0.21699329527186773,0.20633113226835081,0.18224838354755457,2
0.2703353544502969,0.27755775212985007,0.18676781585950608,0.1949202137507316,0.15429288434608351,2
0.27253320454938057,0.21421283348998943,0.0981600579132127,0.27234145346362126,0.20102419653545134,2
0.05870695880754062,0.2940648926017335,0.16915423828611043,0.1881866931389945,0.22770686014923264,2
0.09637145749326997,0.1456778919700969,0.17684984845503454,0.1771213684088026,0.15673516360083778,2
0.18186381913430172,0.18743176507245857,0.20539052682988362,0.09313935866835715,0.2243216939631697,2
0.25264729522970303,0.1030968497843634,0.1429073591691365,0.20264897505579116,0.19742151235039257,2
0.156169832285163,0.13026073530776072,0.0708748110880082,0.30026603229631066,0.13777895812361907,2
0.20715096816147427,0.22292209340643582,0.12791491449784448,0.1331416103730917,0.21719963326938568,2
0.20150994877215433,0.1515131223964884,0.12626292226780783,0.14043681648040107,0.10445126802463023,2
0.26807454038400397,0.1639613040448536,0.08466573732783417,0.2145834900823887,0.16877470932655286,2
0.19602533446258158,0.10229043637431823,0.19405479256487346,0.20047072663778903,0.23922323143094248,2
0.08226769425393382,0.21017831391931407,0.1548770881225583,0.26069717453136443,0.15938089759261592,2
0.2367665646617763,0.29316215001739326,0.220505780887857,0.1729441446426504,0.0144258764612204,2
0.0221004958671287,0.15169648635565164,0.2773469808169634,0.2537488642265477,0.18220890661862843,2
0.27637328597308114,0.12389698492296092,0.10212434169591572,0.1856191705736699,0.15904026823601086,2
0.2832905686629956,0.16431026441043423,0.16048622580047733,0.18990935299116457,0.14477197599640246,2
0.18622388755586305,0.299197850203405,0.010194283506139157,0.30086989710016804,0.15499528898838744,2
0.18017918653283238,0.14473237675701228,0.14241287628228122,0.2955846001493978,0.25684074831549153,2
0.18892699123482876,0.23079313998947026,0.01904210791882277,0.26497511432760823,0.13772545031429928,2
0.13890384099074776,0.12941014799907208,0.2421605262778605,0.24675387971488882,0.22486381886155232,2
0.1479602766841498,0.21324601766077284,0.14453563882112708,0.22099673886339238,0.19957476345162134,2
0.3111238613419393,0.17759667396994916,0.2972238640369755,0.22618600981029785,0.2548857309637971,2
0.33807729785275065,0.1456171769446321,0.18538355018978053,0.14412097295132642,0.26995030927226027,2
0.2304394297027882,0.139607944007359,0.0729126240654473,0.2224314876093934,0.22746146487211888,2
0.24569439922523845,0.17444196554162616,0.12575789981444618,0.1612203572346454,0.16367226091746756,2
0.14330587632108494,0.1783700772489944,0.18853676138130349,0.24843153701074994,0.22545785050583433,2
0.13303852321022552,0.18413213926166794,0.17829962034341423,0.18865202540446474,0.28094393582662486,2
0.14962603565753313,0.2516117962514544,0.10157291447441252,0.2737268057733251,0.18723028063325559,2
0.1871178872911165,0.30815228629544206,0.2114385352299294,0.1803803997932008,0.17664338744701497,2
0.1391867761711424,0.18515154799954037,0.2858731977373743,0.1906695170924539,0.0943458806062214,2
0.0803089464877389,0.16427224246137317,0.23938485339072657,0.1380531025442983,0.24853223797769222,2
0.08705908460885636,0.2946238302648826,0.1636787826906832,0.08514377920424554,0.2268628620494466,2
0.14886802863553772,0.25355573682457533,0.1655149718975854,0.2340597653482418,0.12295001078245038,2
0.1579717579171384,0.23282104002352216,0.15430184551193277,0.053970070164424844,0.15393347035677346,2
0.16191349977176772,0.16573210027508956,0.16876556051705216,0.266856431410403,0.2635829289384074,2
0.21067863372398693,0.31211125735339834,0.10526386815035382,0.21876403198594324,0.14832994105525887,2
0.1820010197435783,0.32349899568248164,0.11049795984546851,0.08674985122852946,0.1747271272698102,2
0.1668141323055753,0.15841060563351367,0.11153323908374874,0.2346150315118236,0.12845819235276074,2
0.1294446009208854,0.3155396907658832,0.2745353077808949,0.29447821542400626,0.09367389857012037,2
0.15297620533625522,0.3461307554922721,0.11114302179568386,0.17871030995943976,0.13407792714100697,2
0.17745789473466161,0.16957521842177536,0.1130598174503536,0.24117765030013016,0.19855308976287112,2
0.19724318831979154,0.3067399987796189,0.1490687516629003,0.18167478036549123,0.21421744523641456,2
0.17341045606307987,0.08232005215075267,0.1943159756080607,0.18173710819979194,0.19968741414623065,2
0.20325991558172823,0.1660837358346638,0.20775528772945978,0.20334927287765298,0.2370158800642025,2
0.12836730219344028,0.21516344217940375,0.18773979840519006,0.09707188398802458,0.10054502157114481,2
0.2547489672239514,0.3035064918934882,0.1089377443165323,0.13432945177276723,0.1373235918764356,2
0.22043879276889927,0.3736407075475593,0.095889225367574,0.1996607573751379,0.21902810562221836,2
0.2113259971799853,0.1847551932106432,0.20785437937422102,0.21604693086587246,0.16893227540914896,2
0.1305569976090027,0.232894418177632,0.2025767602075355,0.2718421256769555,0.17939156136704565,2
0.19986580581693214,0.08668904227223323,0.13710577590925377,0.11664978402168963,0.23945811294446379,2
0.2338141905790761,0.3422184576478886,0.1484619801299774,0.11648887792802343,0.19190584844826192,2
0.21668344135877576,0.15826698230068875,0.21457786147457014,0.12925313992459403,0.11382654785239937,2
0.12093039556629492,0.2374943739582922,0.12880531395520423,0.2709662758590815,0.1071531077380165,2
0.10655037991324834,0.22541942723614283,0.16479794284777982,0.1706018238865296,0.11994477455884678,2
0.19218750983094168,0.17598611338478598,0.24635876166132553,0.1402565429975265,0.2488530474579031,2
0.26736678230960265,0.2622918095463919,0.1326783670048462,0.10787978116072255,0.06314425033780807,2
0.21085404282696624,0.1608875716729699,0.23962025333858272,0.24643330809371833,0.15268291265851963,2
0.15322877305278715,0.0,0.10585030684491814,0.09423451661388904,0.11560129062932095,2
0.20278096340766066,0.18457082362283822,0.2502112370506752,0.18263655111971344,0.1727416601050517,2
0.15565102507196776,0.16217991957882505,0.10521798898333945,0.12583868055229902,0.196506205921944,2
0.1438973244908202,0.16362155501257752,0.0743598935785022,0.17539331140514414,0.21731292329917284,2
0.15430511394346752,0.23076990337757736,0.35575531238334435,0.1870633759102378,0.2327882862148814,2
0.27064141690958043,0.21215949254089128,0.2262563090317749,0.2588602756210799,0.23685375160337896,2
0.2529832642753833,0.26037307900264084,0.19839315939599145,0.2575964465305132,0.2385104416333494,2
0.12853876749038073,0.25512849242795693,0.2363381611395926,0.24150714867730283,0.1672948628181084,2
0.20237804464462433,0.10611494793478693,0.25462142920698316,0.14549607889936134,0.21623386690247126,2
0.11684863754227848,0.20338195798335051,0.23080508474650924,0.18907234139381285,0.1586105826079911,2
0.11318402888250617,0.21802439619378744,0.15343415197186117,0.2179906182717114,0.25700767216950104,2
0.1377302722180424,0.20425439132605094,0.23621011030688543,0.10492202181735583,0.20587638588326473,2
0.17934981842935327,0.24742492362481516,0.15627727836512562,0.16940368205574752,0.17641381314882143,2
0.15155107809434754,0.19456479547132755,0.1504113813280631,0.1628302996859387,0.1367212993397005,2
0.11832496555483274,0.20273427202499628,0.20044886057935102,0.2686724294971515,0.15838525907836243,2
0.19471095893437257,0.2697532246573436,0.2906646333140882,0.13561583600248134,0.1791763918061312,2
0.18853136929510378,0.1530997208761936,0.10530193078471356,0.25429473775594486,0.18450845706287478,2
0.24778266327258192,0.24353819613542277,0.20644364477015031,0.3157559342146521,0.09872345823106615,2
0.041322217926563265,0.23443233213155568,0.0950156177142728,0.20062621170499378,0.18806824172033143,2
0.07306503731303232,0.19164527614442006,0.15862555251014937,0.15151432757196182,0.06732830059193035,2
0.04890435505454638,0.3464985095532449,0.07665253340866113,0.23085959215033208,0.21660746348087612,2
0.244598768551419,0.29007134130164514,0.1415929481312831,0.21679761702751454,0.2117878752274024,2
0.2433267302260445,0.265499409081271,0.0,0.14795176904829965,0.23792392187011357,2
0.15106773155157915,0.23473195558831028,0.14147509114666196,0.08846333038668697,0.1292966281897035,2
0.21319725520624078,0.2664718884391353,0.23869617983125901,0.30006114828542524,0.04590794994545855,2
0.24952812052345913,0.23514316055474127,0.10937491064212951,0.16232852249972418,0.19002801535016434,2
0.17474164644357265,0.18897579669010334,0.1847603669888796,0.22674810673294937,0.16423627002167984,2
0.18968709887115331,0.23685289747169147,0.24489562118586222,0.03545577629093705,0.2845623165950839,2
0.21126491306289358,0.26920935944895724,0.326013771065746,0.14804357508704818,0.08577333970178602,2
0.29784758977192005,0.24432539817928522,0.16917144508121668,0.18904244364470607,0.07644751608703948,2
0.10537019498019079,0.18953349173625594,0.1584497847650338,0.14974468217108639,0.21636326183693028,2
0.09090351085116377,0.12825446987522132,0.11032508832612697,0.12528666502888813,0.19386219941187688,2
0.14569375799063927,0.10293082267300174,0.1394651885543679,0.2218331275504825,0.1547086248936438,2
0.16687112077417998,0.0602152692709898,0.22933082792901627,0.11160233628446331,0.16968137844613912,2
0.17367732636720812,0.21392624601116583,0.1977792143540884,0.23177364176313564,0.1333306914197207,2
0.18875606361264213,0.27216131802000443,0.1620640090703781,0.2805812860255943,0.25145134626130095,2
0.15975262057532613,0.22050729120213225,0.2569544554759055,0.20346191058811142,0.1530700319158093,2
0.20788344185863145,0.10458510431098311,0.31725569642874196,0.2526794866196685,0.22203859415901211,2
0.18482223879430382,0.18982013195210828,0.11601358138724488,0.16087111595623838,0.09963222946767358,2
0.1944643963094863,0.2303098191753037,0.21710897151560282,0.22140389528743337,0.1794123746366929,2
0.18429356432341865,0.17447037040952024,0.2694840644079226,0.20817660506199082,0.1786674393803631,2
0.14957992726765768,0.31864579312539976,0.15606815935383717,0.22914812989466704,0.11354649780675818,2
0.19239287074649636,0.23332294634932726,0.14805758008601894,0.2648881525581869,0.13821695593804678,2
0.20944091265907422,0.17264771100745147,0.2516575138485034,0.21579351532615965,0.16857534997055235,2
0.20221610452107908,0.14070513240016186,0.25667929365832587,0.24342576339936167,0.17436011862262746,2
0.22978883117028331,0.2441974774323451,0.09552040295976622,0.12352278583093101,0.1399739193773098,2
0.12672710729708525,0.2097227144392621,0.20089430649561896,0.130263181940507,0.2501177279307728,2
0.08049754949429777,0.08633788660315633,0.1715448417869328,0.23479292557952175,0.09848191741195217,2
0.1966566536094459,0.23258544662171105,0.18671785334220242,0.2588761334372467,0.14665627816249815,2
0.14008190281649724,0.16148628298101614,0.06092298538634178,0.13970285394593146,0.11175676330012513,2
0.1659462844597142,0.18979979756124105,0.2246833357996148,0.10343717139387532,0.14446024874876373,2
0.20917233518675943,0.17117349455413988,0.1366682919161692,0.15752274632254248,0.050178400993419525,2
0.24986761775388838,0.10829996164061945,0.06367518760096824,0.15017904316350233,0.23150568705825125,2
0.12654891001419494,0.2553421686871594,0.14756130822423047,0.07895689676862133,0.18500751085751432,2
0.1358649770594016,0.2062100130941763,0.09543936216029836,0.36098125448556184,0.2656223584512848,2
0.09400499060057277,0.24039957972699005,0.24667521759521693,0.268754261521912,0.16551601852123576,2
0.09843998470095505,0.1777443571797298,0.09012860035233272,0.18753231713061946,0.08787676657452281,2
0.19215774860468748,0.198789801048961,0.0698630775740745,0.15305805057846844,0.10796596761456234,2
0.1474596439984418,0.23862712059128044,0.09381523858401486,0.17353051437137756,0.132363840609092,2
0.1510642809413144,0.16803744530220677,0.2524895917112043,0.32037042299639706,0.19426782545104027,2
0.24986012833047017,0.21438534174612917,0.18423607147732557,0.1400298791716711,0.1203445065062777,2
0.11664911972190228,0.22492056753408823,0.10891342972784701,0.04395171616934557,0.2360452157630329,2
0.10298016940351185,0.16974500596382303,0.10075005060103709,0.16834560306015922,0.1574898437684648,2
0.1375964516536458,0.275458562213258,0.06043745589630195,0.1469574577619609,0.13846818193132432,2
0.24784914080886467,0.21063498318712492,0.25240032092373815,0.16003379320273203,0.24287467448476935,2
0.12834123373020645,0.13157573574829523,0.0794002858444327,0.07916548598433909,0.174199205671408,2
0.113688156593515,0.28398336747340536,0.1476672386994824,0.19419561897943627,0.11143832285733923,2
0.07717796284522238,0.11378561270072313,0.29038360728396906,0.2328012986934292,0.18911051028311332,2
0.19653040964017665,0.19815166259493266,0.21277528189609374,0.12342613850799489,0.2984597114794172,2
0.26795639789245584,0.15508254187103615,0.19661223281685702,0.2607835222016127,0.11763860627265715,2
0.4470751091109163,0.15038258258089893,0.031185850142751215,0.21702633815629946,0.3435627676807379,2
0.22804988257104547,0.21848294918356254,0.08910373883061351,0.08406366156895728,0.16520863157237253,2
0.1519534806220687,0.18301326596906747,0.11314060786162544,0.2472967490741923,0.1808272916087592,2
0.2815977706892208,0.21801253629008954,0.21102424156242344,0.10322622349669108,0.22528261548896067,2
0.15929622667700805,0.2801748972871416,0.10185035781167556,0.26126481611911806,0.13378268341297261,2
0.0,0.16968406702554106,0.18451514896736837,0.23744401592167708,0.10332374345821599,2
0.17209462460888658,0.08062501710715564,0.14391819777955722,0.20439973696396507,0.30409834172680356,2
0.15172411893627974,0.17950557778788934,0.20719844351982164,0.21281474769792147,0.15716085629754167,2
0.11894383526519325,0.3158890456004332,0.1418705527675247,0.14665426703544177,0.179527579022362,2
0.24957793480114177,0.26274077269639423,0.21962910241947808,0.11950416058423186,0.14544054039223414,2
0.07594250459813001,0.2855010535016461,0.0584205843677425,0.11894696676849698,0.07219101462040162,2
0.15017110065851236,0.20421281626624116,0.09310723193568143,0.31370034898940075,0.18069670331957988,2
0.14080270523510574,0.23403911131641952,0.21677624752265945,0.1719771546009518,0.17069720833567759,2
0.2014024869578495,0.10132462485343618,0.15757751248114277,0.12508192245481536,0.20695341501268938,2
0.2418650980115286,0.1938881503230539,0.17177626405271762,0.1262353253121548,0.13703899227319788,2
0.32280236091608794,0.07832156684908864,0.2706198566658562,0.14244088417537698,0.1511424518399827,2
0.2057789330197351,0.24335751157465962,0.19514153671699336,0.2571958853752051,0.1351830984650098,2
0.146669866752344,0.13846551224856035,0.04072810084394235,0.15654298143039286,0.3328912379654154,2
0.13949954954823401,0.18567231207377316,0.24183237328179547,0.12521622134061083,0.2549497737837898,2
0.1843360075246253,0.24156032690807616,0.19176788356503993,0.24854425079167558,0.17923963022831496,2
0.23448422019558807,0.1000465255066782,0.16221227500270058,0.2526692592489125,0.18365663485397893,2
0.1610090243230507,0.23823140546001464,0.24762486355734736,0.19837662831016595,0.30822689684676097,2
0.2532383950089424,0.23592131506933128,0.24940302503463324,0.22682185033705116,0.17833016187960377,2
0.13819845920629392,0.13998160322199205,0.1158024902459644,0.2747034430302284,0.01912257061222261,2
0.21279831335565746,0.16212042802726018,0.24919798158537587,0.11624398977354383,0.11846318102577119,2
0.22789056436680744,0.11774208381964152,0.08095675132466423,0.10161337683233646,0.21346460168536946,2
0.20493673351212582,0.22622609121218817,0.1045145729798701,0.19529549400806795,0.10706889976909795,2
0.15613319619350452,0.2702087166702043,0.09798866972729209,0.18906185098172107,0.04200370756655414,2
0.21568909291270305,0.2786780597069009,0.2672729321528723,0.08322090170801466,0.17599055029448246,2
0.1680070926761344,0.3783398870202834,0.24098290422696433,0.1647900033062643,0.3257782787533351,2
0.23653472955605775,0.14480256598694446,0.19998990882229634,0.2709720901078013,0.18899824476484023,2
0.2834695372296646,0.21049336431893328,0.11394626621039794,0.1750616634045778,0.13964279861733364,2
0.14554859019704808,0.26524559780564944,0.024640903483397036,0.09320189705353776,0.28711640099441205,2
0.17508551597631838,0.24844398663809475,0.12587992034296508,0.2094305699927997,0.1885052075320922,2
0.264035737160481,0.17517859330350233,0.21364555897711945,0.0938300163141585,0.18813790278122383,2
0.1604382385382182,0.27427472387012086,0.1852818862688151,0.2611826126703601,0.2696907845085136,2
0.035465856006485885,0.32404966731019047,0.106808052906737,0.08521856299816644,0.14122090268071041,2
0.20750774038291092,0.2519482694524161,0.2435972201496211,0.120893872864892,0.21372324224794154,2
0.2544247758160858,0.23995266140997606,0.10330324343576192,0.1603738794867377,0.2061402783874256,2
0.2681487257619708,0.16226973302178865,0.2485364605257011,0.1847898153485017,0.24150897761410778,2
0.06299077777027456,0.16519547616438018,0.1129194053027745,0.20561310966138036,0.21883674179499668,2
0.14740781535492492,0.2950556900496093,0.007761344621553867,0.09016468032898406,0.16248302560457423,2
0.09646352355272741,0.2933519463882639,0.17656081808017532,0.19127850395856227,0.21574100416918718,2
0.26797560623866934,0.3659341614155805,0.19763391383352696,0.2547347208448905,0.185666197513438,2
0.14028153664313575,0.05512101667133723,0.12831586844207538,0.2193037977994845,0.22342814175368547,2
0.15655255166820992,0.2338609258212963,0.1426773216417997,0.29107478639925666,0.14117613624794084,2
0.20220204356336646,0.14997137576463238,0.175227519770484,0.18642056573245497,0.14262731721205696,2
0.13438185205015596,0.10346353143624804,0.17992151199512063,0.11238024732574559,0.20858925108118148,2
0.08609504047851574,0.2002799779891733,0.08332839096814187,0.1979381976798737,0.1750633463672696,2
0.17604960849859713,0.1792322974627018,0.18163970024987258,0.19704702640472488,0.2282479050990474,2
0.13242688984933138,0.22623684257829307,0.1398157032494416,0.1910648335050979,0.17723397717774686,2
0.17882727009224342,0.17788816876996144,0.18044539213835215,0.14602896597997483,0.09925956130827762,2
0.127375385924266,0.15258756934171724,0.21682223867171035,0.17616107873311393,0.23152291813267895,2
0.16833793839795153,0.20552622765806006,0.22711158526990965,0.16218004408422554,0.07419708478006176,2
0.194634210442504,0.2216123606069208,0.1908390304350912,0.19014870562832092,0.18992959482363564,2
0.09294622066425412,0.26040143123641085,0.1910962239400632,0.10955544369258902,0.17381199189558832,2
0.09764626246772934,0.22374850576631827,0.146817810669357,0.20121343436942368,0.1931970903900978,2
0.20569025556950743,0.1328410686370114,0.2829826182123838,0.17382851807632554,0.16835299631024614,2
0.2368760939484547,0.16839670413110314,0.07242064515755647,0.14772805497905145,0.12184421051332256,2
0.14085390752228233,0.2343062169845545,0.18364249681242334,0.11007459936740871,0.16630997427097277,2
0.23649780207354892,0.21328899206377938,0.11228080281375707,0.17922462701947,0.15713235681812326,2
0.07830045215951681,0.11626342087871927,0.1723039899127849,0.1260280037631103,0.24031379682120768,2
0.1410094421287117,0.16310198456177083,0.1002513502571124,0.14394028553960225,0.18536352516200105,2
0.1117204941448624,0.2962814697727303,0.13348179590757886,0.11609066078049579,0.1891140190664613,2
0.1832779521610456,0.16636711345180577,0.21391815519021906,0.1629406055837539,0.20609866757395923,2
0.15098775244585955,0.19149610904170355,0.11623801240732162,0.20332211885852403,0.21117217207465444,2
0.22085662611552082,0.1753373573215929,0.047948468890317286,0.20712783101738114,0.19680882642792968,2
0.17765195158515895,0.2099164679014368,0.24769042655898865,0.22449985574581482,0.1097341898747825,2
0.2665899317083035,0.1980875573812691,0.2020158906099836,0.19900544877697035,0.17264163038375724,2
0.3119936280101314,0.1693595148335572,0.15283674311814832,0.13722472944638997,0.16359616729333887,2
0.2104311836877405,0.15806036909915916,0.20771026798396997,0.05502247307197927,0.20904775902324618,2
0.26952729068304504,0.12572685284992713,0.15209008398394075,0.19947971386855223,0.16516714491316187,2
0.21135920279268278,0.37433893382656364,0.0867181569414836,0.23504784089461467,0.1333442860108534,2
0.10927590907032153,0.19382498955277483,0.2036382253604867,0.19265110347152314,0.1259708199848979,2
0.254424515402006,0.2982459578179201,0.18570458337976137,0.2297354161809806,0.26889584102081415,2
0.12119056798687039,0.25286768416479066,0.019201141609455075,0.22059064691805286,0.11457576171311201,2
0.20120064352982664,0.07119875781514556,0.16357163956974852,0.04444345386751264,0.27147231793687343,2
0.282196383094969,0.1939406694389862,0.16905462701849994,0.19909590481233053,0.21595736919894776,2
0.10493350898905618,0.28308533288567994,0.16405722448147836,0.2208770457078394,0.1559088612253708,2
0.147495215452907,0.19517572637404795,0.20129479968135416,0.3080672374587897,0.049422639798802015,2
0.25341636007572377,0.30860391172151047,0.24409755320113896,0.14729241192295173,0.1951745448835786,2
0.2041410820823943,0.18255863222030638,0.12420406102065068,0.2880234478543715,0.10631674645664813,2
0.2047009899778413,0.14715293587840772,0.1523023464401358,0.14625715467360534,0.07486388002206246,2
0.17258375090190398,0.1604090512487253,0.18891012571174604,0.22369631345407975,0.10125039631684984,2
0.22474128892900286,0.18303905919206992,0.10840198837483522,0.09285354041999161,0.23375719231571218,2
0.2954751594512136,0.07991311848398436,0.13418109769622294,0.10268820387758609,0.145937100038458,2
0.23937159365913696,0.15294936071865223,0.19002648420619633,0.10702314368124011,0.13858347897181483,2
0.19195115082573866,0.19528808696111116,0.20400922073026356,0.1223999624540909,0.1200923155216927,2
0.2478461548943353,0.27268195543302864,0.18561951325980963,0.18378179361354718,0.22385024116177776,2
0.2626597449811159,0.1510581953013821,0.18754836663891417,0.16241689541623616,0.20222069164204054,2
0.27891087072328136,0.26303175304635673,0.16250659004175422,0.2045153605510177,0.23631203976869591,2
0.30925671240344105,0.16441494618135682,0.25959248998434736,0.12555129747948252,0.18445798339619018,2
0.14303486861740033,0.16152022170757574,0.18595503719575218,0.3537019028845393,0.19072511396795022,2
0.10766100162441278,0.22737284167738425,0.06788332778660688,0.24979823315236377,0.18841026149751156,2
0.15839397128115484,0.25047210205960185,0.11677201815703364,0.14062420853814867,0.12406042055517236,2
0.19954363470282305,0.21049403454728088,0.05448663908983309,0.19573109873097472,0.03710603571903792,2
0.22978735437882214,0.33252183080497133,0.19903649534965734,0.19971345022798143,0.14097494969072394,2
0.21059474479727647,0.2518979366190659,0.21048109991281183,0.11959108797511953,0.09084892559209112,2
0.16309999384219814,0.17346272881842778,0.14729268949513324,0.1967809251379688,0.2506458899668856,2
0.12394896955954715,0.1899721473919609,0.30246390817371105,0.19682148679948813,0.2223914285043191,2
0.1783449004493477,0.05896571467961398,0.13638928001888795,0.22325343706964373,0.16216664830918087,2
0.14673917025939937,0.16766636613473346,0.19963815124487028,0.19783186055490348,0.27532098930105897,2
0.18449449666192985,0.24939180908170916,0.12478996069579223,0.13532629661847972,0.183157894574358,2
0.18936463268812798,0.16215436062136857,0.17128938888787604,0.2327974833121183,0.12035507305452892,2
0.176633331111541,0.19770577188279986,0.11980728087732945,0.2002322041170273,0.24633428934429855,2
0.21285534547811003,0.26140374270204025,0.21078458789631144,0.16114466590169135,0.0,2
0.13324024497945192,0.1572208079299609,0.18046613682574386,0.13563512174287207,0.22651014973351158,2
0.29457283762568365,0.06708554319093157,0.1525959205897004,0.17748937888354221,0.23623122443875222,2
0.1508439623325965,0.15248553384196611,0.14300901931486398,0.12445901737370335,0.149841351177477,2
0.08418222240658929,0.2119925888685088,0.19958974413901182,0.09944422700574895,0.09058638697058291,2
0.14875595881519238,0.2425400192486366,0.18809756769188396,0.20563259598889805,0.18117626710883372,2
0.11002773564349472,0.1576835273370148,0.22413160423940492,0.2369940111340192,0.18673209147765035,2
0.2465966471025891,0.12512773088457874,0.2707157964455895,0.2141661434281667,0.20568088202153645,2
0.14796479917008176,0.20130787810213613,0.16421356722976055,0.17271493602920462,0.10102164009308895,2
0.14918002891311705,0.20431419068450057,0.1928074039195164,0.18621899572276673,0.2541257282890835,2
0.2634403260591725,0.2679411958651725,0.16842990855912876,0.16729043933683518,0.13232777041253185,2
0.1570160681434587,0.2476526546183187,0.14737510664708214,0.07520741134699765,0.12359675457181696,2
0.13093244799558934,0.22981841779174006,0.2867781174781468,0.1460167785621556,0.15303745995778606,2
0.20789765160329343,0.20903776462616702,0.15528954942406592,0.0851740725332279,0.20076871031682536,2
0.2719332671251321,0.16298138636176412,0.14373155639312835,0.24514459714597636,0.2500226635082655,2
0.10780768585728528,0.1653098830541539,0.12709392712540296,0.20702313641025988,0.13329099344165696,2
0.11177329674511371,0.20727888740232564,0.19545548635888704,0.2524898473687368,0.22709466998511046,2
0.24054834976839462,0.28065240128069857,0.06729282173278311,0.1392880078834866,0.2838165170778173,2
0.16175780347381308,0.2564211828361912,0.27064371532326137,0.29246916174385984,0.20989017346951283,2
0.06666219149906843,0.12495860108746004,0.12444946350594183,0.19338176864700218,0.16159127548530733,2
0.06377399621183055,0.235773659713167,0.19277476504309693,0.16529377046709304,0.13133985515243207,2
0.9082737407840888,0.9572509347894805,0.8183772098081997,0.9142900956817634,0.764344106183158,3
0.8361132033177459,0.9066980731539369,0.7640386062899462,0.8881354866804108,0.833221450095935,3
0.7915619196596747,0.8100381682027322,0.8509192546274065,0.8781545170098095,0.8060377677019512,3
0.8100461721115413,0.9270425157817912,0.8987198998095263,0.7865464613579785,0.8081639337190607,3
0.814100207881696,0.8467487523421555,0.7488516297470166,0.9075475242784226,0.9252043932300098,3
0.7855217063382348,0.7605465670702525,0.8028282899894941,0.8473732651327917,0.7477470763465883,3
0.7429020780706199,0.950542318554304,0.7458427408457896,0.8772564976066548,0.797436397299386,3
0.8193502221274049,0.8394787131582857,0.8425361837632039,0.8828290377478594,0.7635612119025827,3
0.7259039879871544,0.8913038129323883,0.8150491375802689,0.880264361789425,0.8575606443655811,3
0.9418775228046656,0.9149224970552112,0.7990951318101112,0.7717348817392936,0.793467302402366,3
0.9244870658383324,0.8501206904851087,0.7864435628806308,0.791713270410884,0.849284235218603,3
0.9138062542618314,0.7797600743303396,0.8552634441947734,0.7863663976822566,0.9200356913434512,3
0.7887137948914513,0.8197455711480595,0.808697785500796,0.7660239211886164,0.8376864277691842,3
0.8737071482590967,0.9033171249839966,0.7641404695365124,0.8398961050372917,0.7088692180900562,3
0.854663541290194,0.9622924711864087,0.8272697977045081,0.7940931489971863,0.8740178129546464,3
0.8610261494011245,0.9008417361468428,0.7754532127703484,0.8483864837042563,0.886115291241111,3
0.9459847607918818,0.9933129586780118,0.8912319827133607,0.731295288690401,0.830512025461159,3
0.7540054377320196,0.8507747418349272,0.9279608357597309,0.8524623403567674,0.9254096348317904,3
0.8172775517998252,0.886868917168181,0.8272307192164088,0.8127763558723275,0.8323057667145469,3
0.869271385606115,0.9252788310322968,0.9091563939497114,0.8039772678562367,0.7682686925970087,3
0.7760717241087135,0.9541616923211866,0.8392201155069863,0.7943465294346084,0.7646466933521897,3
0.8931614633286402,0.8772847038883269,0.8707562591959659,0.8046285091739653,0.7607204403824378,3
0.9036482601352565,0.8375746725313589,0.7669522114193741,0.7986952222226336,0.7882358395273945,3
0.8714786857471528,0.7988051454690124,0.778913181456947,0.9224840266989156,0.7852065794738076,3
0.7648725983832678,0.8772119073791601,0.7866355880652952,0.797612821349011,0.75235360535464,3
0.839441523113809,0.7004739290286954,0.8610035082044222,0.8900925495067985,0.6442734474320283,3
0.77403123578961,0.85592296464444,0.6652532933679305,0.7905816514048379,0.8042886730646184,3
0.8424137945379726,0.8411717782574517,0.7485471084922375,0.8005767815879297,0.8288649756574221,3
0.7688368853586418,0.8341463914215845,0.8645036417879206,0.8662340575781124,0.8718219356332035,3
0.8510820419096861,0.8982735360706675,0.8829951916078544,0.9187729244548646,0.8482661468350416,3
0.8264543997919676,0.8030724271733318,0.7328657865013314,0.8779718566509302,0.8579133468939153,3
0.7988300761603013,0.760800087338033,0.9166682602515609,0.7866312309432535,0.8876227647235281,3
0.7689912305624149,0.9412611642258268,0.9028200212333639,0.8038731289635365,0.6910856304501547,3
0.8972674674201052,0.878567830559993,0.8552270556182748,0.8119133625782615,0.7110604076009024,3
0.8416785781540703,0.7985076722044785,0.9045103891878947,0.919097871670341,0.8873957464057635,3
0.7855935525477497,0.7497564312521877,0.8121420297366773,0.8297959522527987,0.8876108681727132,3
0.9217478626847997,0.7364931706121074,0.8662556040154932,0.8300473981527605,0.9272931416313925,3
0.8232966494247149,0.8364517875919075,0.960933049839259,0.8190630016836771,0.785176528924509,3
0.7569702593988072,0.765753626758928,0.8853223454163226,0.7525257813764761,0.8371083157372212,3
0.8792821754826156,0.7762514420212847,0.9220771286469178,0.8768920560965804,0.7402241501826284,3
0.9106899641586124,0.8623663727875472,0.9195456029433471,0.8145627714730108,0.8363546510316169,3
0.7918964560055759,0.8232679460093301,0.8482104674068418,0.8111958217903823,0.7492731724270106,3
0.9448212875625355,0.8483259698013872,0.9110633028216515,0.813300287182978,0.833191713068958,3
0.8909580748066401,0.7912946056818206,0.8410710190334598,0.786485595741698,0.8533091340253004,3
0.9164723789426441,0.8391336289775038,0.843711898845398,0.8744822729877837,0.7693000757046675,3
0.7297765439002096,0.7419790609614894,0.9407384035857367,0.813538887775586,0.7821842492086498,3
0.8680402199394981,0.9156564544246816,0.8607887647597948,0.8490043356035598,0.7858080540950101,3
0.868330922962371,0.8444303701216413,0.7928382297565031,0.8454039304838912,0.818502170611894,3
0.8844124237032902,0.8522128721128357,0.8727227247518095,0.839615818955764,0.8766267328061065,3
0.8490767852618883,0.9232835961935065,0.8207558768830536,0.8313586061673472,0.7802105009318502,3
0.8280934570637648,0.9308307371674988,0.7612002433624454,0.7289831062539343,0.7374977128108533,3
0.7713650029976812,0.8078109649932035,0.7212143347537903,0.9184819851044416,0.874040434446397,3
0.8960181288596255,0.8391183900253913,0.8634879648944913,0.765017255892122,0.8322885941684232,3
0.865484588983543,0.8176233629350007,0.8493547609022459,0.8451863316061227,0.9152598440621116,3
0.8492418595191401,0.8648704610754512,0.7418945258683285,0.9016939600951792,0.8193438902016532,3
0.7841597496593373,0.8180381211619312,0.8035331367427833,0.8303609293591088,0.8120152997272672,3
0.8753833679651191,0.8365335330888912,0.7939306973263534,0.8536481855616123,0.7450064083353654,3
0.8680850870522978,0.6947578010363477,0.8488334173428662,0.812948573711808,0.7793139710220304,3
1.0,0.8261634670870871,0.9170571535714336,0.8837689839508627,0.7179491980008973,3
0.7855885217648342,0.8701080419555272,0.8558310825165631,0.9274139773492633,0.7294349801524259,3
0.7124982510900227,0.8656051728653766,0.8684223125122963,0.8921173955263089,0.8259853465257077,3
0.8518905390649278,0.9878996814443837,0.7336580211588002,0.7377745728816293,0.8015507132186546,3
0.8478525375765938,0.7155024063861071,0.8481228987153829,0.8969402092994516,1.0,3
0.7953236095646773,0.8569330099501875,0.795999733465806,0.9537047605690558,0.8924405660526697,3
0.7890294780894135,0.8777440183996738,0.8776199165471865,0.9380174027021482,0.8008220945015191,3
0.845507129631538,0.7930298208006897,0.864861299478856,0.8324511469040529,0.8844490564535734,3
0.8904992860984478,0.7900803190378454,0.8165176126904383,0.8450710086764885,0.7571211342186162,3
0.8165278014199404,0.9172796446888237,0.8976604741007936,0.826242877778899,0.7555939340815745,3
0.8643166072968155,0.7169147018676572,0.8232440746610458,0.9211678429190293,0.6843227937952787,3
0.8351624372278567,0.6719274613701116,0.9934100216575956,0.7951651757267137,0.8192582439493065,3
0.8198710153300652,0.9121429437533966,0.8304993965002534,0.8497695231113531,0.7520562237713084,3
0.8067354504952936,0.8615478099062426,0.9168452678614232,0.9258975894113208,0.7271347794416836,3
0.8351931739873893,0.8708796587055275,0.8332083280073446,0.9403492419305943,0.7814922766360338,3
0.9010883551650968,0.8292426195833539,0.9222279608968826,0.8115067765835627,0.7540606848269914,3
0.9281437198534226,0.8449250788067315,0.699818271074891,0.7387262367330666,0.8890150162977627,3
0.7919980633239144,0.8116662711322026,0.8003602437167987,0.7049130402895534,0.8635528848128915,3
0.8697151289060503,0.8676111356242838,0.8260171051223466,0.8194930680323265,0.7259104607801331,3
0.8494466209743234,0.7670829012703738,0.86875310348183,0.810392977921066,0.9110279674215487,3
0.8166737443133073,0.7912925659369903,0.8911382574690704,0.760216258738163,0.8495835294685484,3
0.7694211765728094,0.7221515500599899,0.9376271172677736,0.8170388305615773,0.70652476041047,3
0.7238280837862036,0.9059081441540123,0.7217113204475845,0.8060943787579246,0.901002914043846,3
0.8890125354608582,0.8839739602043016,0.7408273462915729,0.865441840376818,0.8500729954238101,3
0.7986044314969628,0.8659912425707607,0.8514085075042908,0.8213371257402811,0.7216583637460858,3
0.8368910908655695,0.8176563827605123,0.7864444265687509,0.8116279764115222,0.8208351517275962,3
0.9751321200376879,0.7846828945704385,0.8453165387468784,0.8055281591341197,0.7175429644523319,3
0.7014685662440362,0.8264252571864104,0.7874173946503005,0.7580120587600916,0.7638045356399091,3
0.9240763086654491,0.8895866839497224,0.8603889156358568,0.7760320305080902,0.8325961980176889,3
0.8422449328644686,0.8785918324256683,0.7301703378712764,0.8039318188042986,0.9197353036992018,3
0.8439062788338074,0.8359760602000188,0.981673681185866,0.7579647913383805,0.847590062041609,3
0.79120023970237,0.8110110974742554,0.9035405295820549,0.7561333263380399,0.7959969356466342,3
0.7693574013669878,0.8752479580345749,0.9043933514643324,0.8090980768631761,0.7315396611791868,3
0.7768017689614348,0.886523600008559,0.8265391959423734,0.8442725550053871,0.8125929233349659,3
0.876558948894516,0.894089813034724,0.8028109689746676,0.8438272574347081,0.8162291989293216,3
0.8715899990106418,0.8134424730891736,0.7889314399910923,0.7854914603131402,0.7401380220727639,3
0.804187929422728,0.8842910914931024,0.9061381802242485,0.8273523238943651,0.8800837405070427,3
0.8543851925238031,0.8486124648625322,0.9121154872185372,0.8671182118119943,0.8372699659954923,3
0.80539235761072,0.9245617386786906,0.7458532597309657,0.8924501960996027,0.7198475123824051,3
0.8825894062197286,0.8594507698063637,0.8706558856664915,0.8397461892151075,0.7308434951419222,3
0.8396144498475977,0.8973219076932768,0.816001045804348,0.9774425843572154,0.804714506248263,3
0.8377850728571186,0.8500790968193439,0.7503221240238024,0.8540698837999866,0.8699428627263792,3
0.8561183926940363,0.8770119954956204,0.7249801021804756,0.8696508422663005,0.7444389128771187,3
0.7986296090905933,0.8189414374668195,0.8354454974901036,0.7719759431307297,0.8542915381416158,3
0.8114249402267777,0.8582845579547245,0.759375477322481,0.8355600753363661,0.7859056539606321,3
0.7878132032198305,0.8308029877330348,0.9079987709987863,0.7957738481327783,0.8017870810068561,3
0.7749807905965169,0.8725791347012726,0.8774261864541619,0.8358913967368811,0.7915941067181996,3
0.7469263857365108,0.8591829489507263,0.865409495896897,0.787588365019324,0.8080121654543813,3
0.7373256717154182,0.8427582601096169,0.821163888752982,0.8535418855248353,0.7194296082239389,3
0.894393591554222,0.9018874342160335,0.9250045601246848,0.798971289412879,0.7558171047471609,3
0.8397644397630886,0.6900445556174543,0.8452992555186325,0.7430664794100648,0.8533318611846097,3
0.8394468536062862,0.7536036594354892,0.9558595453110423,0.9002558297104271,0.8086232986075106,3
0.755569099975884,0.7888103299770503,0.8359831006818683,0.8618059805306526,0.7723651420747256,3
0.8582503370787633,0.8681957545645951,0.8989442411646476,0.8652413859571089,0.835509793754452,3
0.8964343208555308,0.8385043211534233,0.7885814021701674,0.8385642626862805,0.8210484222037051,3
0.7949668445619688,0.7500133137038495,0.8720496823016797,0.8900519690772752,0.821542612633207,3
0.7123077125628982,0.9697645300050897,0.7810861238193295,0.7740302404222215,0.6831199667134682,3
0.7364238954416156,0.7608782927840502,0.938865057105899,0.7732774952940256,0.8130626986072161,3
0.8174714581044613,0.8324394372019934,0.9440123142355271,0.8867392136279119,0.883888482906233,3
0.8572948580439745,0.8317509491747299,0.8850124442446234,0.901384306747268,0.7093616821479249,3
0.7934550752571428,0.8917221308066465,0.8964290695364621,0.8617181497413667,0.7989440129632371,3
0.8940067593134775,0.7940703140450718,0.73707807234146,0.8375837081631015,0.8288407308231969,3
0.8679560322476223,0.8416270825540828,0.8720240931249652,0.8244752254537745,0.8676262398084889,3
0.8910410273172745,0.8478130564612969,0.8519890432536179,0.7573608390902181,0.8501592280739628,3
0.8359974086825954,0.8414336844022533,0.7805677398807801,0.7547677546586988,0.8007468046596158,3
0.8395986194186648,0.8841506227578244,0.9641730739627654,0.8705445614926572,0.8924666327912205,3
0.8635652387126801,0.8215129858978918,0.7779373988472768,0.7719312074471312,0.803778463514242,3
0.8547039700040011,0.83298821371739,0.7557303497154686,0.8935808735984099,0.7608543697418932,3
0.9546437464047178,0.8148921496881228,0.8140746177353162,0.7899386468306144,0.7337258748551011,3
0.7815259472965566,0.9096809316742853,0.8191279849430166,0.7759142989868151,0.8328457749388773,3
0.839433842970341,0.7023177388706889,0.8844116318526523,0.8806423102092192,0.9135767987830639,3
0.8174880675203373,0.7291587079348976,0.8889564946139716,0.9143180220828135,0.8666793887391695,3
0.9124616347524537,0.7701302937365249,0.9519507667079066,0.734620691912452,0.79646165737975,3
0.9315560524626618,0.783309471172895,0.802307821416128,0.8086244623908129,0.8186150632629057,3
0.8359312788295357,0.8029159299235021,0.8733192481618565,0.7346805699113501,0.8294785873306383,3
0.8245154081051215,0.8680374049442126,0.8095662182048098,0.8435918269764975,0.7727971352795071,3
0.8669270736981438,0.740862457471148,0.8477248997117783,0.7188907351465164,0.7725484697553308,3
0.8967105205414576,0.8700817223574911,0.8704830898205269,0.7637181107286096,0.7891236657196925,3
0.9738937404645596,0.9436360329371045,0.7179453120123656,0.7893352758337591,0.8108796944410395,3
0.7513228887110579,0.8636550229307354,0.8729903952956795,0.905352583889731,0.8226672927086298,3
0.8366133533281707,0.7401200510047737,0.8446737185654738,0.7846936699452378,0.7842127406507705,3
0.8541629898892007,0.7896103415089359,0.8288889491399973,0.8495206602955924,0.9392568406313233,3
0.8470150521627551,0.926009452045419,0.8939043701784346,0.8240881759430663,0.9395195237921631,3
0.8213276859052097,0.8261888557091961,0.9368019298524879,0.8615461517513587,0.7752535290348262,3
0.8781529438215153,0.917233287590344,0.866284426554774,0.8945546062858265,0.8762901864805657,3
0.7888697730980687,0.9198199620747041,0.8450231102941288,0.9016673946227967,0.8887533192329651,3
0.9396178578385559,0.8567385074029896,0.7955317574938079,0.9427433675664594,0.8101718499794539,3
0.899826516109743,0.8765535054308795,0.857670646590792,0.8196013375672622,0.7413241647077666,3
0.8110933028453704,0.8156673067017124,0.8243396980280676,0.8976572104711574,0.8856863186213378,3
0.832184675260187,0.8887166214570188,0.8731543810497429,0.8654613397945605,0.8238810604691367,3
0.7932058157465915,0.8495689052700142,0.8063930211496435,0.7692540307989267,0.8336502772686079,3
0.8902956333028547,0.8981534490741357,0.8540172019449415,0.9134852131283924,0.7995985678235112,3
0.8977265021479214,0.8604259523988199,0.8237061232346845,0.8892971109705065,0.8184675937705586,3
0.867572202701538,0.8468069884438056,0.8747502413557733,0.8823308776835543,0.7770473983802106,3
0.7561086932669985,0.8438694630560782,0.8498384090020392,0.8306212422171353,0.7948899965782633,3
0.9974533925378073,0.7927541221510301,0.8438526400566441,0.698273524064003,0.7844008596553586,3
0.8356142917326554,0.8760941967694864,0.8553826217349598,0.7588630645251981,0.8092935668720918,3
0.7858514758542391,0.8164891398799707,0.8737620816499896,0.7625986188756022,0.8225254137846871,3
0.9255698904286553,0.9037500189702853,0.8591287242456307,0.8165120898963731,0.8620139020057718,3
0.812941402822477,0.8341260284055991,0.9994362082731854,0.868935207357552,0.8559956687114656,3
0.8149233601749464,0.863232963472072,0.9127799346544707,0.8135807328512776,0.921991259771735,3
0.942155323314871,0.82488104940914,0.9238664215398034,0.860299969722859,0.8740641965514694,3
0.8942050810762501,0.7808688319673647,0.8503948487611579,0.8064395088593357,0.7813933237691669,3
0.974831631900789,0.8666478350463728,0.8180873747811019,0.8100779712702624,0.8492058229808007,3
0.7415547951457255,0.9528358505306314,0.7955289175009574,0.7775398570273808,0.8131383700352349,3
0.7892683623236105,0.8942389353084473,0.8545232689807617,0.7593453938716167,0.9304844782206374,3
0.8531946644675212,0.8505438136849408,0.8343421072117196,0.780325945092949,0.7866506072700842,3
0.8541233212455702,0.8754397011319299,0.8467144133729224,0.7198204108377914,0.8284353878778818,3
0.8055229641436341,0.819918698715265,0.802452671190778,0.7354553491735417,0.9148247123876713,3
0.914260649547649,0.8420138034829203,0.8051100605638293,0.7555456562696062,0.8603217161294945,3
0.8945326174376964,0.8635597804860058,0.8292207501350932,0.800823463960993,0.7992512427618246,3
0.902868644808269,0.9349139058581437,0.7103354832550042,0.916230569422001,0.8381881097162922,3
0.7733482127821889,0.7844935083673321,0.8159839714822327,0.949302619190911,0.7709925825358115,3
0.8933026112527573,0.8773709868133177,0.8682730586506431,0.8559346182084984,0.836921681195335,3
0.7776004080826908,0.8786225205294421,0.9103815444678083,0.8693957990995118,0.7704827301735864,3
0.8244447030227892,0.8957176030660949,0.8351106805864311,0.804361885941587,0.8013399416016513,3
0.7787693257887593,0.8047526269306527,0.8203124178782593,0.7761974330801914,0.8504425661294823,3
0.7840517359365178,0.8698128322675538,0.8448639054494825,0.7545575321585548,0.8636401378783872,3
0.7570284968895487,0.6968436931326445,0.8746543082813514,0.7631646856011477,0.8475784299824014,3
0.867869901082188,0.9071435419384388,0.9456590078192522,0.8702026589574866,0.7709856030547708,3
0.8595925658797854,0.8764237414110423,0.9025965668038128,0.8845908712419286,0.9247187606471443,3
0.7042609050264828,0.7857908322061207,0.8804502716177394,0.8349893775383876,0.8560191067279372,3
0.8914617586580429,0.7020930442115534,0.7651641986718689,0.8551677042252008,0.8708682383179922,3
0.8915160966601485,0.8135390863853026,0.8886172790521143,0.7682799941190217,0.7272875177786999,3
0.923076325191404,0.9656231307966,0.8347935889181544,0.8439117666247403,0.8820946273379056,3
0.8153742281269466,0.8643738237752097,0.9195782148409732,0.8243080598539057,0.7639687261289307,3
0.7032523125535968,0.9648478309910204,0.8586659231939282,0.6975494093301526,0.9204171431469028,3
0.8978463494127784,0.7834493024005647,0.9164224119615095,0.94033214714233,0.8211205256179528,3
0.7526393061531991,0.8384824867840817,0.9189283925089845,0.8150443303684205,0.7423603106980196,3
0.8281194154546165,0.7432599051414873,0.9390313887058126,0.8929023633756153,0.7664970757064624,3
0.7998287181738769,0.8908016043888481,0.7587736667127526,0.8081138873569722,0.9666360493605304,3
0.8253444968954851,0.8261085004552804,0.9524804353828469,0.9359006551900126,0.7786056920871507,3
0.9511946537632175,0.9183573711191841,0.8896755195505843,0.8509118167741607,0.7788328969285442,3
0.7433045119738577,0.8267929095702429,0.8160189575243377,0.8481381166508759,0.8045911276846026,3
0.8136438866681193,0.811627065153891,0.7781780414261232,0.9453778441974592,0.7744395931519799,3
0.8137021675888854,0.8336350080167134,0.9187192118127439,0.8627315547004897,0.7943830875725414,3
0.7875303982069075,0.8839603186228202,0.8380174138768531,0.7737718671597587,0.7843539360103419,3
0.9651587170848881,0.8127888266326011,0.8161583221645202,0.7877848882236509,0.8621033026823487,3
0.7388785271219084,0.8565082327715097,0.8349632149387379,0.7031941884251031,0.9588522997135708,3
0.8380159807050108,0.7483559116032098,0.9045325222693001,0.9340423112156229,0.7237192044481252,3
0.9322187505195938,0.9510701932707197,0.85094588526861,0.8332007424641401,0.8173276050610856,3
0.8954229495507624,0.8702669072124065,0.8346792062016419,0.9074282506104754,0.7794791472667206,3
0.8197795036138512,0.7686822984490957,0.7492821985167563,0.8549846353438759,0.8258644548761531,3
0.9424309985409787,0.6977178162942037,0.9553451497108782,0.8658815246972498,0.8699653144131595,3
0.8392797802720234,0.8467076416795517,0.811926567725902,0.9127801270279592,0.8250074862388712,3
0.8501533396504375,0.7729606252538271,0.8117430804375323,0.7535308746288563,0.701568888114311,3
0.9018141343815376,0.8112189444242756,0.8130736704021364,0.8777168187490845,0.6890940222659822,3
0.7404917815372636,0.8003673734226957,0.7610590094082117,0.8032877972791223,0.8258203080399888,3
0.8927441135405663,0.7854418967469271,0.6972644009015692,0.8175086323794891,0.8526090485863564,3
0.7907533247640788,0.8389625618318532,0.7989737978028894,0.7951482605400585,0.7637387925019121,3
0.906255655903019,0.8354986805285072,0.7718691069379173,0.8137951507576312,0.860093442156417,3
0.7644378048235023,0.8139096577745714,0.7550468010491576,0.7746029435789056,0.8240469771272098,3
0.8312402099754725,0.8206262413619101,0.8334313116036949,0.764940326142769,0.8048778848326184,3
0.7731205521827993,0.8822383229470131,0.7876732281338198,0.8354748171645939,0.7798696693585877,3
0.9328228617354714,0.8155073472622943,0.7560774198004931,0.8186543045330752,0.7928193838958744,3
0.9090535553396297,0.7928300863591956,0.9144487039080167,0.8308103921340168,0.7750566713938216,3
0.7961537554395621,0.7640745010219706,0.8470532772190518,0.941641752317323,0.7356266326969582,3
0.73934281108326,0.8400702122324524,0.9113987384676169,0.7561404706363728,0.8305320596090287,3
0.8482698261647383,0.8854954428918269,0.8571807175843082,0.7809522205082644,0.8035092724379267,3
0.8596281887818007,0.8372795894262623,0.8831683136208708,0.8354519039306905,0.752036230419288,3
0.8185011992034028,0.8231887538508078,0.7279223299201616,0.7545646146486032,0.6715941754502484,3
0.7209801223228817,0.7653417165224317,0.9424263878011406,0.8540762989064195,0.7910283786394933,3
0.8785365337886307,0.9811498932729135,0.8482266605898552,0.8456684544201782,0.8015369203661606,3
0.7920250626812344,0.8097306699061122,0.7738238244120381,0.7320122978932291,0.7696279133009748,3
0.8678050612219798,0.8439589268295103,0.8614942997076067,0.8679531254907435,0.838560101303186,3
0.7461413139481416,0.8017767264190199,0.9181437936834056,0.8302387863181739,0.8927874827808844,3
0.9381144357166864,0.7269265387914339,0.7712689978553731,0.7816657773583031,0.7575651619167982,3
0.8150680827926028,0.8881763537784438,0.8374374499350582,0.7858738833906647,0.7338362764435513,3
0.6567201261174651,0.8898642412959787,0.8069025857528918,0.7835754222319733,0.8156727688049485,3
0.8396180550863827,0.8944029944009876,0.8764042566492924,0.8891135277754723,0.8781387847058973,3
0.8472356478644298,0.7028746450115269,0.8603395567884158,0.9069058730383519,0.8119281125168721,3
0.7920310207988763,0.8737575554468676,0.8645214683218727,0.9089357856359292,0.7943173273966408,3
0.8387070981421823,0.8776861222112755,0.8612119808206268,0.836357998659226,0.8130625414441639,3
0.8087780042743877,0.8267799450091725,0.8381124810688632,0.7696681718029785,0.820320612373924,3
0.922163006043893,0.8339231895425565,0.8406600994791324,0.8133033875126668,0.9205889418826623,3
0.9396025466742925,0.8613238714235343,0.8645736305921635,0.8850334646191022,0.8015732462512478,3
0.791914439617216,0.8907373593326842,0.9080942726489148,0.8773832854659087,0.7653474844852963,3
0.7923745605258061,0.7425872366271078,0.7076395385791938,0.7693177180860606,0.7547727418505759,3
0.8009941033794251,0.822537103405302,0.8427359805931021,0.7621559342106109,0.807013977534278,3
0.818151776130635,0.7752181819582602,0.8342226309533032,0.8236510966865859,0.7782068078657028,3
0.8823171965996872,0.8423990935364896,0.9342283370738086,0.749080891783946,0.8452242091768587,3
0.8767734060370331,0.7789857245232084,0.915631265709682,0.6867323085041034,0.8124749551470984,3
0.7220349891184995,0.7232256405609199,0.9157477437417259,0.8549345456178383,0.7582046433074257,3
0.738357636266045,0.79635183107755,0.8315550037163426,0.8622327052765928,0.8041555923494157,3
0.8672558669158767,0.9239116043040265,0.7814139483184559,0.8333825972607256,0.8331440319327286,3
0.7428529073567108,0.7952937935757076,0.9632925891051151,0.7371853206935912,0.8772483940427069,3
0.867769577782592,0.7451400175890857,0.7472223569038097,0.7831915135432195,0.7528183412184428,3
0.8931259709656783,0.7943583311245948,0.9164282680018234,0.9097984232522847,0.8008281200288583,3
0.7237889077455566,0.8822158802230583,0.7915566801001173,0.7356066177199884,0.8819929947319434,3
0.8103424743123473,0.8641853014662646,0.8881245361661922,0.8092365729678445,0.789622808504483,3
0.8235258677307714,0.855172880024641,0.8746526008425873,0.9282825002505157,0.7340186883196905,3
0.918703200652239,1.0,0.8145738698718894,0.9999999999999999,0.776800616453925,3
0.7705998659190039,0.9108442578316265,0.8516441685196992,0.8694410127334922,0.8433500407523302,3
0.7994314869855461,0.8353378011196452,0.8723756315925906,0.7951318088763635,0.7572631462820582,3
0.9718515426916301,0.9018018399428052,0.9049065421750047,0.9508791868288891,0.8822585019797213,3
0.6707108196794471,0.8383419774933305,0.8461424104751236,0.7647175277742604,0.8100305374114811,3
0.6604577101161702,0.8956777959740857,0.8869006347216883,0.8630207756478815,0.6976144424777082,3
0.8228610316324285,0.7609026901751543,0.7788322876307416,0.8438434475362689,0.8213339628603631,3
0.7889136379001087,0.8360256301667761,0.7045629410777798,0.7435718607136912,0.7967584823411618,3
0.7984624116467829,0.7546446510211721,0.7967897840701141,0.8642368744338849,0.8442719286873615,3
0.8397391040818806,0.900876976171703,0.9747336996204012,0.7847489056917124,0.7943652287971257,3
0.768198550625754,0.8343421712747274,0.7919737854823486,0.869153731106175,0.7631127066784007,3
0.8434563373897322,0.8064709645207334,0.8312430460779238,0.6960646468906126,0.7591248489220279,3
0.9418973707377374,0.8288702729991104,0.8045803210369937,0.856030818727817,0.8276019094847334,3
0.7329725411498973,0.8477428967514902,0.9436272099489653,0.8137392357307611,0.7886506968635603,3
0.7726066333063555,0.7808416225454458,0.9264757550017144,0.722351819456604,0.8677088141240241,3
0.9069791363356177,0.7618150106014371,0.8157707886906735,0.8611503327463487,0.6881882528243558,3
0.8502362707147546,0.8338924593140897,0.8266849065603903,0.8825567333259416,0.8546578385490109,3
0.8467865897935513,0.7495326328479355,0.9408548146833686,0.7964787013087198,0.8569914208246125,3
0.8396273773319041,0.8365766115497828,0.8184882566142568,0.8871301440701431,0.6866494705607372,3
0.9429699617483567,0.9174635737969508,0.8465230781812196,0.8306662757894053,0.8490923547534794,3
0.7881999470817675,0.7008250920436854,0.7326885952744941,0.8470656525341098,0.7427161604568082,3
0.853736481374977,0.8042059497450618,0.8428428129287957,0.8081429144146322,0.7846304127089949,3
0.9006340236818982,0.8803787282137023,0.9492581616980789,0.9243889399806979,0.8101887706812588,3
0.8081391412119385,0.7919688891468566,0.8982720850679966,0.8408723909909976,0.9571612802974168,3
0.8436666332768835,0.7243960372415199,1.0,0.9274694656901139,0.7217927015935591,3
0.8711259657159445,0.8591457750607426,0.865318176498557,0.8565041720808005,0.7456298770168353,3
0.9081893790737199,0.9108255030362049,0.7280577525197651,0.8405037518906489,0.8853939373220594,3
0.8311960880759446,0.9533155192023207,0.7804243201615282,0.7303039582526267,0.8898573974645012,3
0.6650314428822772,0.8786221724697572,0.9050526206773734,0.886316324307838,0.7321254948227325,3
0.805060768380893,0.8445029898903395,0.7922033864268564,0.7270056981531119,0.8140489027506441,3
0.858004800184264,0.8590623472655137,0.843191943435861,0.9123701500561889,0.9010958453571757,3
0.8825125723933909,0.8358561948108215,0.8453768026557409,0.7105916186890825,0.7566957382973918,3
0.8273710767831098,0.8727140583084851,0.7836226041225522,0.8622762766593248,0.7340173236591225,3
0.7187373317892238,0.8417414931281115,0.8732970905877171,0.7655860711646899,0.8136325034329674,3
0.7281323578597357,0.8597894513992843,0.9223771934513277,0.8786489026561817,0.8743706005083992,3
0.835710178158175,0.817468836976361,0.7745531742628078,0.9187804036693134,0.7643699712579195,3
0.7586841259755426,0.9788847107236248,0.8218111749629726,0.7533323896461447,0.9175645742773907,3
0.8891840729211126,0.9184369827336956,0.907483148437632,0.7379376764898153,0.7776162590653233,3
0.8119201235993302,0.7818988015905497,0.8611107190499052,0.9073830971311196,0.8941023577899879,3
0.7861078852566201,0.8561800620750993,0.7429594417788877,0.8149909989207027,0.7680336949257126,3
0.8053613752184756,0.8416497861730077,0.782959373455373,0.7505842939645967,0.9116108956116132,3
0.8949317168579619,0.7527173240144613,0.9165632594847346,0.9141077695007934,0.742325297956612,3
0.7341251017192405,0.813072917403936,0.9432256604815067,0.8969140194492564,0.8679978668475256,3
0.8942954361094348,0.8051102620955597,0.760269798468272,0.9166301844932107,0.7679398289024375,3
0.8283027531035411,0.7878443083177308,0.8794205355356752,0.7648017224896594,0.8899650993683274,3
0.9044633920043517,0.8607860146727192,0.7020755253837393,0.8506459709660834,0.7389428156291811,3
0.8703573713663906,0.7874257718839719,0.8763524131001519,0.8247086718503317,0.8728074778602499,3
0.9754785485909065,0.8377665718595289,0.9498152140598561,0.7857096968309759,0.8678747622831475,3
0.97326747383168,0.9593037203603234,0.8907732206968754,0.9016710786052495,0.8532910866834542,3
0.8521392487108324,0.7842022910276263,0.8793965854344308,0.773624295932136,0.7800441546088794,3
0.8377633083942377,0.7995545684938753,0.8693048647015462,0.831525901542326,0.8008717496919636,3
